{
    "name": "root",
    "gauges": {
        "Probe.Policy.Entropy.mean": {
            "value": 1.087904691696167,
            "min": 1.0376124382019043,
            "max": 1.4770991802215576,
            "count": 200
        },
        "Probe.Policy.Entropy.sum": {
            "value": 5239.34912109375,
            "min": 5037.2763671875,
            "max": 7743.556640625,
            "count": 200
        },
        "Probe.Environment.EpisodeLength.mean": {
            "value": 131.28,
            "min": 64.82926829268293,
            "max": 328.0,
            "count": 200
        },
        "Probe.Environment.EpisodeLength.sum": {
            "value": 3282.0,
            "min": 2295.0,
            "max": 7703.0,
            "count": 200
        },
        "Probe.Step.mean": {
            "value": 1999874.0,
            "min": 1004883.0,
            "max": 1999874.0,
            "count": 200
        },
        "Probe.Step.sum": {
            "value": 1999874.0,
            "min": 1004883.0,
            "max": 1999874.0,
            "count": 200
        },
        "Probe.Policy.ExtrinsicValueEstimate.mean": {
            "value": 1.238542079925537,
            "min": 0.6838619709014893,
            "max": 1.6051387786865234,
            "count": 200
        },
        "Probe.Policy.ExtrinsicValueEstimate.sum": {
            "value": 65.64273071289062,
            "min": 33.50923538208008,
            "max": 127.08462524414062,
            "count": 200
        },
        "Probe.Environment.CumulativeReward.mean": {
            "value": 3.0972371454592103,
            "min": 2.1396626019850373,
            "max": 3.597595621811019,
            "count": 200
        },
        "Probe.Environment.CumulativeReward.sum": {
            "value": 83.62540292739868,
            "min": 19.37100115418434,
            "max": 210.0096047669649,
            "count": 200
        },
        "Probe.Policy.ExtrinsicReward.mean": {
            "value": 3.0972371454592103,
            "min": 2.1396626019850373,
            "max": 3.597595621811019,
            "count": 200
        },
        "Probe.Policy.ExtrinsicReward.sum": {
            "value": 83.62540292739868,
            "min": 19.37100115418434,
            "max": 210.0096047669649,
            "count": 200
        },
        "Probe.Losses.PolicyLoss.mean": {
            "value": 0.07135572510196653,
            "min": 0.05354779289977367,
            "max": 0.08415824947345149,
            "count": 200
        },
        "Probe.Losses.PolicyLoss.sum": {
            "value": 0.14271145020393305,
            "min": 0.10709558579954734,
            "max": 0.23919529783112614,
            "count": 200
        },
        "Probe.Losses.ValueLoss.mean": {
            "value": 0.20020053939272958,
            "min": 0.05457904676829154,
            "max": 0.3407435201418897,
            "count": 200
        },
        "Probe.Losses.ValueLoss.sum": {
            "value": 0.40040107878545916,
            "min": 0.10915809353658308,
            "max": 0.9477199952428539,
            "count": 200
        },
        "Probe.Policy.LearningRate.mean": {
            "value": 2.883999038999969e-07,
            "min": 2.883999038999969e-07,
            "max": 0.00014949410016864997,
            "count": 200
        },
        "Probe.Policy.LearningRate.sum": {
            "value": 5.767998077999938e-07,
            "min": 5.767998077999938e-07,
            "max": 0.00044425770191415005,
            "count": 200
        },
        "Probe.Policy.Epsilon.mean": {
            "value": 0.1000961,
            "min": 0.1000961,
            "max": 0.14983135000000003,
            "count": 200
        },
        "Probe.Policy.Epsilon.sum": {
            "value": 0.2001922,
            "min": 0.2001922,
            "max": 0.44808585,
            "count": 200
        },
        "Probe.Policy.Beta.mean": {
            "value": 1.9600389999999897e-05,
            "min": 1.9600389999999897e-05,
            "max": 0.004988151865000001,
            "count": 200
        },
        "Probe.Policy.Beta.sum": {
            "value": 3.9200779999999794e-05,
            "min": 3.9200779999999794e-05,
            "max": 0.014823776415,
            "count": 200
        },
        "Probe.IsTraining.mean": {
            "value": 1.0,
            "min": 1.0,
            "max": 1.0,
            "count": 200
        },
        "Probe.IsTraining.sum": {
            "value": 1.0,
            "min": 1.0,
            "max": 1.0,
            "count": 200
        }
    },
    "metadata": {
        "timer_format_version": "0.1.0",
        "start_time_seconds": "1658518500",
        "python_version": "3.9.2 (tags/v3.9.2:1a79785, Feb 19 2021, 13:44:55) [MSC v.1928 64 bit (AMD64)]",
        "command_line_arguments": "C:\\Program Files\\Python39\\Scripts\\mlagents-learn config/ppo/Probe.yaml --run-id Probe_Hunter_02_fresh --resume",
        "mlagents_version": "0.29.0",
        "mlagents_envs_version": "0.29.0",
        "communication_protocol_version": "1.5.0",
        "pytorch_version": "1.11.0+cpu",
        "numpy_version": "1.19.2",
        "end_time_seconds": "1658521102"
    },
    "total": 2602.1107577000002,
    "count": 1,
    "self": 0.019277600000350503,
    "children": {
        "run_training.setup": {
            "total": 0.2332282000000001,
            "count": 1,
            "self": 0.2332282000000001
        },
        "TrainerController.start_learning": {
            "total": 2601.8582518999997,
            "count": 1,
            "self": 4.9030611999655775,
            "children": {
                "TrainerController._reset_env": {
                    "total": 13.7057014,
                    "count": 1,
                    "self": 13.7057014
                },
                "TrainerController.advance": {
                    "total": 2583.088623500034,
                    "count": 130689,
                    "self": 2.51164030002883,
                    "children": {
                        "env_step": {
                            "total": 2580.576983200005,
                            "count": 130689,
                            "self": 2146.1785378000263,
                            "children": {
                                "SubprocessEnvManager._take_step": {
                                    "total": 432.021012900017,
                                    "count": 130689,
                                    "self": 9.81884489998987,
                                    "children": {
                                        "TorchPolicy.evaluate": {
                                            "total": 422.20216800002714,
                                            "count": 125038,
                                            "self": 73.70354290008538,
                                            "children": {
                                                "TorchPolicy.sample_actions": {
                                                    "total": 348.49862509994176,
                                                    "count": 125038,
                                                    "self": 348.49862509994176
                                                }
                                            }
                                        }
                                    }
                                },
                                "workers": {
                                    "total": 2.377432499961788,
                                    "count": 130689,
                                    "self": 0.0,
                                    "children": {
                                        "worker_root": {
                                            "total": 2588.268169799965,