{
    "name": "root",
    "gauges": {
        "Probe.Policy.Entropy.mean": {
            "value": 2.691710948944092,
            "min": 2.691710948944092,
            "max": 2.8238584995269775,
            "count": 2
        },
        "Probe.Policy.Entropy.sum": {
            "value": 134305.609375,
            "min": 134305.609375,
            "max": 142932.421875,
            "count": 2
        },
        "Probe.Environment.EpisodeLength.mean": {
            "value": 719.2923076923076,
            "min": 57.66848567530696,
            "max": 719.2923076923076,
            "count": 2
        },
        "Probe.Environment.EpisodeLength.sum": {
            "value": 46754.0,
            "min": 42271.0,
            "max": 46754.0,
            "count": 2
        },
        "Probe.Step.mean": {
            "value": 99999.0,
            "min": 49980.0,
            "max": 99999.0,
            "count": 2
        },
        "Probe.Step.sum": {
            "value": 99999.0,
            "min": 49980.0,
            "max": 99999.0,
            "count": 2
        },
        "Probe.Policy.ExtrinsicValueEstimate.mean": {
            "value": -0.5183814167976379,
            "min": -0.5183814167976379,
            "max": -0.37907281517982483,
            "count": 2
        },
        "Probe.Policy.ExtrinsicValueEstimate.sum": {
            "value": -426.1095275878906,
            "min": -449.9594421386719,
            "max": -426.1095275878906,
            "count": 2
        },
        "Probe.Environment.CumulativeReward.mean": {
            "value": -1.6113847275766042,
            "min": -1.6113847275766042,
            "max": -1.5911852398640787,
            "count": 2
        },
        "Probe.Environment.CumulativeReward.sum": {
            "value": -104.74000729247928,
            "min": -1166.3387808203697,
            "max": -104.74000729247928,
            "count": 2
        },
        "Probe.Policy.ExtrinsicReward.mean": {
            "value": -1.6113847275766042,
            "min": -1.6113847275766042,
            "max": -1.5911852398640787,
            "count": 2
        },
        "Probe.Policy.ExtrinsicReward.sum": {
            "value": -104.74000729247928,
            "min": -1166.3387808203697,
            "max": -104.74000729247928,
            "count": 2
        },
        "Probe.Losses.PolicyLoss.mean": {
            "value": 0.024532205857297717,
            "min": 0.02177028063739878,
            "max": 0.024532205857297717,
            "count": 2
        },
        "Probe.Losses.PolicyLoss.sum": {
            "value": 0.12266102928648859,
            "min": 0.08708112254959512,
            "max": 0.12266102928648859,
            "count": 2
        },
        "Probe.Losses.ValueLoss.mean": {
            "value": 0.046162462327629335,
            "min": 0.046162462327629335,
            "max": 0.38705112164219224,
            "count": 2
        },
        "Probe.Losses.ValueLoss.sum": {
            "value": 0.23081231163814667,
            "min": 0.23081231163814667,
            "max": 1.548204486568769,
            "count": 2
        },
        "Probe.Policy.LearningRate.mean": {
            "value": 0.00025684657438448,
            "min": 0.00025684657438448,
            "max": 0.00028461210512929996,
            "count": 2
        },
        "Probe.Policy.LearningRate.sum": {
            "value": 0.0012842328719224001,
            "min": 0.0011384484205171999,
            "max": 0.0012842328719224001,
            "count": 2
        },
        "Probe.Policy.Epsilon.mean": {
            "value": 0.18561552000000006,
            "min": 0.18561552000000006,
            "max": 0.1948707,
            "count": 2
        },
        "Probe.Policy.Epsilon.sum": {
            "value": 0.9280776000000003,
            "min": 0.7794828,
            "max": 0.9280776000000003,
            "count": 2
        },
        "Probe.Policy.Beta.mean": {
            "value": 0.004282214448000001,
            "min": 0.004282214448000001,
            "max": 0.004744047930000001,
            "count": 2
        },
        "Probe.Policy.Beta.sum": {
            "value": 0.021411072240000006,
            "min": 0.018976191720000004,
            "max": 0.021411072240000006,
            "count": 2
        },
        "Probe.IsTraining.mean": {
            "value": 1.0,
            "min": 1.0,
            "max": 1.0,
            "count": 2
        },
        "Probe.IsTraining.sum": {
            "value": 1.0,
            "min": 1.0,
            "max": 1.0,
            "count": 2
        }
    },
    "metadata": {
        "timer_format_version": "0.1.0",
        "start_time_seconds": "1673974483",
        "python_version": "3.9.2 (tags/v3.9.2:1a79785, Feb 19 2021, 13:44:55) [MSC v.1928 64 bit (AMD64)]",
        "command_line_arguments": "C:\\Program Files\\Python39\\Scripts\\mlagents-learn --force",
        "mlagents_version": "0.29.0",
        "mlagents_envs_version": "0.29.0",
        "communication_protocol_version": "1.5.0",
        "pytorch_version": "1.11.0+cpu",
        "numpy_version": "1.19.2",
        "end_time_seconds": "1673974831"
    },
    "total": 348.0893899,
    "count": 1,
    "self": 0.007192500000030577,
    "children": {
        "run_training.setup": {
            "total": 0.1293365999999998,
            "count": 1,
            "self": 0.1293365999999998
        },
        "TrainerController.start_learning": {
            "total": 347.9528608,
            "count": 1,
            "self": 0.22860419999994974,
            "children": {
                "TrainerController._reset_env": {
                    "total": 15.576086,
                    "count": 1,
                    "self": 15.576086
                },
                "TrainerController.advance": {
                    "total": 331.8334232000001,
                    "count": 7817,
                    "self": 0.22891430000009905,
                    "children": {
                        "env_step": {
                            "total": 272.4457650000003,
                            "count": 7817,
                            "self": 256.0879003999997,
                            "children": {
                                "SubprocessEnvManager._take_step": {
                                    "total": 16.227212600000474,
                                    "count": 7817,
                                    "self": 0.5508942000012524,
                                    "children": {
                                        "TorchPolicy.evaluate": {
                                            "total": 15.676318399999221,
                                            "count": 7174,
                                            "self": 2.525391400000025,
                                            "children": {
                                                "TorchPolicy.sample_actions": {
                                                    "total": 13.150926999999196,
                                                    "count": 7174,
                                                    "self": 13.150926999999196
                                                }
                                            }
                                        }
                                    }
                                },
                                "workers": {
                                    "total": 0.13065200000011146,
                                    "count": 7816,
                                    "self": 0.0,
                                    "children": {
                                        "worker_root": {
                                            "total": 276.4505817999997,
                                            "count": 7816,