{
    "name": "root",
    "gauges": {
        "closeGapTarget.Policy.Entropy.mean": {
            "value": 1.4299049377441406,
            "min": 1.420643925666809,
            "max": 1.4299049377441406,
            "count": 3
        },
        "closeGapTarget.Policy.Entropy.sum": {
            "value": 70831.7734375,
            "min": 70831.7734375,
            "max": 72197.125,
            "count": 3
        },
        "closeGapTarget.Step.mean": {
            "value": 149977.0,
            "min": 49984.0,
            "max": 149977.0,
            "count": 3
        },
        "closeGapTarget.Step.sum": {
            "value": 149977.0,
            "min": 49984.0,
            "max": 149977.0,
            "count": 3
        },
        "closeGapTarget.Policy.ExtrinsicValueEstimate.mean": {
            "value": 0.7720139026641846,
            "min": 0.7720139026641846,
            "max": 2.9488165378570557,
            "count": 3
        },
        "closeGapTarget.Policy.ExtrinsicValueEstimate.sum": {
            "value": 616.839111328125,
            "min": 616.839111328125,
            "max": 2356.1044921875,
            "count": 3
        },
        "closeGapTarget.Losses.PolicyLoss.mean": {
            "value": 0.02620226350535328,
            "min": 0.023044724902138113,
            "max": 0.02620226350535328,
            "count": 3
        },
        "closeGapTarget.Losses.PolicyLoss.sum": {
            "value": 0.1310113175267664,
            "min": 0.09217889960855245,
            "max": 0.1310113175267664,
            "count": 3
        },
        "closeGapTarget.Losses.ValueLoss.mean": {
            "value": 0.0127914652445664,
            "min": 0.0127914652445664,
            "max": 3.1026102405600247,
            "count": 3
        },
        "closeGapTarget.Losses.ValueLoss.sum": {
            "value": 0.063957326222832,
            "min": 0.063957326222832,
            "max": 15.513051202800124,
            "count": 3
        },
        "closeGapTarget.Policy.LearningRate.mean": {
            "value": 0.00022288358570548005,
            "min": 0.00022288358570548005,
            "max": 0.0002838144053952,
            "count": 3
        },
        "closeGapTarget.Policy.LearningRate.sum": {
            "value": 0.0011144179285274003,
            "min": 0.0011144179285274003,
            "max": 0.001273143075619,
            "count": 3
        },
        "closeGapTarget.Policy.Epsilon.mean": {
            "value": 0.17429452,
            "min": 0.17429452,
            "max": 0.1946048,
            "count": 3
        },
        "closeGapTarget.Policy.Epsilon.sum": {
            "value": 0.8714726,
            "min": 0.7784192,
            "max": 0.9243809999999999,
            "count": 3
        },
        "closeGapTarget.Policy.Beta.mean": {
            "value": 0.003717296548,
            "min": 0.003717296548,
            "max": 0.0047307795200000015,
            "count": 3
        },
        "closeGapTarget.Policy.Beta.sum": {
            "value": 0.01858648274,
            "min": 0.01858648274,
            "max": 0.0212266119,
            "count": 3
        },
        "closeGapTarget.Environment.EpisodeLength.mean": {
            "value": 1999.0,
            "min": 1901.375,
            "max": 1999.0,
            "count": 3
        },
        "closeGapTarget.Environment.EpisodeLength.sum": {
            "value": 47976.0,
            "min": 45633.0,
            "max": 47976.0,
            "count": 3
        },
        "closeGapTarget.Environment.CumulativeReward.mean": {
            "value": 0.000559437813412463,
            "min": -8.335031225030619,
            "max": 0.0015226512453807572,
            "count": 3
        },
        "closeGapTarget.Environment.CumulativeReward.sum": {
            "value": 0.013426507521899111,
            "min": -200.04074940073485,
            "max": 0.036543629889138174,
            "count": 3
        },
        "closeGapTarget.Policy.ExtrinsicReward.mean": {
            "value": 0.000559437813412463,
            "min": -8.335031225030619,
            "max": 0.0015226512453807572,
            "count": 3
        },
        "closeGapTarget.Policy.ExtrinsicReward.sum": {
            "value": 0.013426507521899111,
            "min": -200.04074940073485,
            "max": 0.036543629889138174,
            "count": 3
        },
        "closeGapTarget.IsTraining.mean": {
            "value": 1.0,
            "min": 1.0,
            "max": 1.0,
            "count": 3
        },
        "closeGapTarget.IsTraining.sum": {
            "value": 1.0,
            "min": 1.0,
            "max": 1.0,
            "count": 3
        }
    },
    "metadata": {
        "timer_format_version": "0.1.0",
        "start_time_seconds": "1656618347",
        "python_version": "3.9.2 (tags/v3.9.2:1a79785, Feb 19 2021, 13:44:55) [MSC v.1928 64 bit (AMD64)]",
        "command_line_arguments": "C:\\Program Files\\Python39\\Scripts\\mlagents-learn --initialize-from=ppo --force",
        "mlagents_version": "0.29.0",
        "mlagents_envs_version": "0.29.0",
        "communication_protocol_version": "1.5.0",
        "pytorch_version": "1.11.0+cpu",
        "numpy_version": "1.19.2",
        "end_time_seconds": "1656618750"
    },
    "total": 402.6532307,
    "count": 1,
    "self": 0.006500899999991816,
    "children": {
        "run_training.setup": {
            "total": 0.1279798000000001,
            "count": 1,
            "self": 0.1279798000000001
        },
        "TrainerController.start_learning": {
            "total": 402.51875,
            "count": 1,
            "self": 0.33639290000479605,
            "children": {
                "TrainerController._reset_env": {
                    "total": 11.0532853,
                    "count": 1,
                    "self": 11.0532853
                },
                "TrainerController.advance": {
                    "total": 391.0193120999952,
                    "count": 14930,
                    "self": 0.3269606999941743,
                    "children": {
                        "env_step": {
                            "total": 335.12530660000016,
                            "count": 14930,
                            "self": 319.28544659999613,
                            "children": {
                                "SubprocessEnvManager._take_step": {
                                    "total": 15.60936450000187,
                                    "count": 14931,
                                    "self": 1.0568939000043667,
                                    "children": {
                                        "TorchPolicy.evaluate": {
                                            "total": 14.552470599997504,
                                            "count": 14921,
                                            "self": 2.862766099998236,
                                            "children": {
                                                "TorchPolicy.sample_actions": {
                                                    "total": 11.689704499999268,
                                                    "count": 14921,
                                                    "self": 11.689704499999268
                                                }
                                            }
                                        }
                                    }
                                },
                                "workers": {
                                    "total": 0.2304955000021245,
                                    "count": 14929,
                                    "self": 0.0,